[{"id":"de85ca76-a4a5-44ed-afd6-3d0ad79c0197","path":"/init.ipynb"},{"id":"4625f4e1-a368-4dcf-b55a-510f91a0d776","path":"/notebook.ipynb"},{"id":"dc2d4d52-ee38-4718-a4f5-c40565e65553","path":"/Rooms data.csv"},{"id":"fa6e6095-d631-4614-97c1-01307dab0fd7","path":"/MOOE data.csv"},{"id":"df459d76-f8f6-449b-8a22-50926191577a","path":"/Masterlist of Schools.csv"},{"id":"b398b8d8-8a41-49ed-934c-deb633a740b6","path":"/Enrollment Master Data_2015_S.csv"},{"id":"6c2d9f0a-4e5d-43e3-b784-b1aa099275a3","path":"/Enrollment Master Data_2015_E.csv"},{"id":"75e08bcb-da1a-4517-876a-d9520a448602","path":"/regional_stats.csv"},{"id":"63535c20-b7ea-4099-8b01-880ed47d391e","path":"/Schools Location Data.csv"},{"id":"04d4b6ad-ec36-4caf-a966-765c65fcf6ef","path":"/Teachers data.csv"}]