<?xml version="1.0" encoding="UTF-8"?>
<metadata xml:lang="en"><Esri><CreaDate>20131212</CreaDate><CreaTime>16575600</CreaTime><ArcGISFormat>1.0</ArcGISFormat><SyncOnce>FALSE</SyncOnce><DataProperties><lineage><Process ToolSource="C:\Program Files\ArcGIS\Desktop10.0\ArcToolbox\Toolboxes\Data Management Tools.tbx\CalculateField" Date="20130125" Time="132950">CalculateField Export_Output_7 GPS_Source "GPS Pinning (2012)" VB #</Process><Process ToolSource="C:\Program Files\ArcGIS\Desktop10.0\ArcToolbox\Toolboxes\Data Management Tools.tbx\Merge" Date="20130125" Time="133657">Merge Export_Output_7;C:\Users\Bong-Bong\Documents\ArcGIS\Default.gdb\BEIS_2012_Merge1 C:\Users\Bong-Bong\Documents\ArcGIS\Default.gdb\Export_Output_7_Merge1 "Region "Region" true true false 254 Text 0 0 ,First,#,Export_Output_7,Region,-1,-1,C:\Users\Bong-Bong\Documents\ArcGIS\Default.gdb\BEIS_2012_Merge1,Region,-1,-1;Division "Division" true true false 254 Text 0 0 ,First,#,Export_Output_7,Division,-1,-1,C:\Users\Bong-Bong\Documents\ArcGIS\Default.gdb\BEIS_2012_Merge1,Division,-1,-1;ID "ID" true true false 8 Double 0 0 ,First,#,Export_Output_7,ID,-1,-1,C:\Users\Bong-Bong\Documents\ArcGIS\Default.gdb\BEIS_2012_Merge1,ID,-1,-1;School "School" true true false 254 Text 0 0 ,First,#,Export_Output_7,School,-1,-1,C:\Users\Bong-Bong\Documents\ArcGIS\Default.gdb\BEIS_2012_Merge1,School,-1,-1;Municipali "Municipali" true true false 254 Text 0 0 ,First,#,Export_Output_7,Municipali,-1,-1,C:\Users\Bong-Bong\Documents\ArcGIS\Default.gdb\BEIS_2012_Merge1,Municipali,-1,-1;Legislativ "Legislativ" true true false 254 Text 0 0 ,First,#,Export_Output_7,Legislativ,-1,-1,C:\Users\Bong-Bong\Documents\ArcGIS\Default.gdb\BEIS_2012_Merge1,Legislativ,-1,-1;Total_Enro "Total_Enro" true true false 8 Double 0 0 ,First,#,Export_Output_7,Total_Enro,-1,-1,C:\Users\Bong-Bong\Documents\ArcGIS\Default.gdb\BEIS_2012_Merge1,Total_Enro,-1,-1;Total_Inst "Total_Inst" true true false 8 Double 0 0 ,First,#,Export_Output_7,Total_Inst,-1,-1,C:\Users\Bong-Bong\Documents\ArcGIS\Default.gdb\BEIS_2012_Merge1,Total_Inst,-1,-1;Color_Code "Color_Code" true true false 254 Text 0 0 ,First,#,Export_Output_7,Color_Code,-1,-1,C:\Users\Bong-Bong\Documents\ArcGIS\Default.gdb\BEIS_2012_Merge1,Color_Code,-1,-1;Barangay "Barangay" true true false 254 Text 0 0 ,First,#,Export_Output_7,Barangay,-1,-1,C:\Users\Bong-Bong\Documents\ArcGIS\Default.gdb\BEIS_2012_Merge1,Barangay,-1,-1;Province "Province" true true false 254 Text 0 0 ,First,#,Export_Output_7,Province,-1,-1,C:\Users\Bong-Bong\Documents\ArcGIS\Default.gdb\BEIS_2012_Merge1,Province,-1,-1;District "District" true true false 254 Text 0 0 ,First,#,Export_Output_7,District,-1,-1,C:\Users\Bong-Bong\Documents\ArcGIS\Default.gdb\BEIS_2012_Merge1,District,-1,-1;Type_of_Sc "Type_of_Sc" true true false 254 Text 0 0 ,First,#,Export_Output_7,Type_of_Sc,-1,-1,C:\Users\Bong-Bong\Documents\ArcGIS\Default.gdb\BEIS_2012_Merge1,Type_of_Sc,-1,-1;GPS_Source "GPS_Source" true true false 50 Text 0 0 ,First,#,Export_Output_7,GPS_Source,-1,-1,C:\Users\Bong-Bong\Documents\ArcGIS\Default.gdb\BEIS_2012_Merge1,GPS_Source,-1,-1"</Process><Process ToolSource="C:\Program Files\ArcGIS\Desktop10.0\ArcToolbox\Toolboxes\Conversion Tools.tbx\FeatureClassToFeatureClass" Date="20130125" Time="134422">FeatureClassToFeatureClass G:\NAMRIA\BEIS_2012.gdb\BEIS G:\NAMRIA\SMU.gdb BEIS # "Region "Region" true true false 254 Text 0 0 ,First,#,G:\NAMRIA\BEIS_2012.gdb\BEIS,Region,-1,-1;Division "Division" true true false 254 Text 0 0 ,First,#,G:\NAMRIA\BEIS_2012.gdb\BEIS,Division,-1,-1;ID "ID" true true false 8 Double 0 0 ,First,#,G:\NAMRIA\BEIS_2012.gdb\BEIS,ID,-1,-1;School "School" true true false 254 Text 0 0 ,First,#,G:\NAMRIA\BEIS_2012.gdb\BEIS,School,-1,-1;Municipali "Municipali" true true false 254 Text 0 0 ,First,#,G:\NAMRIA\BEIS_2012.gdb\BEIS,Municipali,-1,-1;Legislativ "Legislativ" true true false 254 Text 0 0 ,First,#,G:\NAMRIA\BEIS_2012.gdb\BEIS,Legislativ,-1,-1;Total_Enro "Total_Enro" true true false 8 Double 0 0 ,First,#,G:\NAMRIA\BEIS_2012.gdb\BEIS,Total_Enro,-1,-1;Total_Inst "Total_Inst" true true false 8 Double 0 0 ,First,#,G:\NAMRIA\BEIS_2012.gdb\BEIS,Total_Inst,-1,-1;Color_Code "Color_Code" true true false 254 Text 0 0 ,First,#,G:\NAMRIA\BEIS_2012.gdb\BEIS,Color_Code,-1,-1;Barangay "Barangay" true true false 254 Text 0 0 ,First,#,G:\NAMRIA\BEIS_2012.gdb\BEIS,Barangay,-1,-1;Province "Province" true true false 254 Text 0 0 ,First,#,G:\NAMRIA\BEIS_2012.gdb\BEIS,Province,-1,-1;District "District" true true false 254 Text 0 0 ,First,#,G:\NAMRIA\BEIS_2012.gdb\BEIS,District,-1,-1;Type_of_Sc "Type_of_Sc" true true false 254 Text 0 0 ,First,#,G:\NAMRIA\BEIS_2012.gdb\BEIS,Type_of_Sc,-1,-1;GPS_Source "GPS_Source" true true false 50 Text 0 0 ,First,#,G:\NAMRIA\BEIS_2012.gdb\BEIS,GPS_Source,-1,-1" #</Process></lineage><itemProps><itemName Sync="TRUE">BEIS</itemName><imsContentType Sync="TRUE">002</imsContentType><itemLocation><linkage Sync="TRUE">file://\\LUDEJOHNVIC\G$\NAMRIA\SMU.gdb</linkage><protocol Sync="TRUE">Local Area Network</protocol></itemLocation></itemProps><coordRef><type Sync="TRUE">Geographic</type><geogcsn Sync="TRUE">GCS_WGS_1984</geogcsn><peXml Sync="TRUE">&lt;GeographicCoordinateSystem xsi:type='typens:GeographicCoordinateSystem' xmlns:xsi='http://www.w3.org/2001/XMLSchema-instance' xmlns:xs='http://www.w3.org/2001/XMLSchema' xmlns:typens='http://www.esri.com/schemas/ArcGIS/10.0'&gt;&lt;WKT&gt;GEOGCS[&amp;quot;GCS_WGS_1984&amp;quot;,DATUM[&amp;quot;D_WGS_1984&amp;quot;,SPHEROID[&amp;quot;WGS_1984&amp;quot;,6378137.0,298.257223563]],PRIMEM[&amp;quot;Greenwich&amp;quot;,0.0],UNIT[&amp;quot;Degree&amp;quot;,0.0174532925199433],AUTHORITY[&amp;quot;EPSG&amp;quot;,4326]]&lt;/WKT&gt;&lt;XOrigin&gt;-400&lt;/XOrigin&gt;&lt;YOrigin&gt;-400&lt;/YOrigin&gt;&lt;XYScale&gt;999999999.99999988&lt;/XYScale&gt;&lt;ZOrigin&gt;-100000&lt;/ZOrigin&gt;&lt;ZScale&gt;10000&lt;/ZScale&gt;&lt;MOrigin&gt;-100000&lt;/MOrigin&gt;&lt;MScale&gt;10000&lt;/MScale&gt;&lt;XYTolerance&gt;8.983152841195215e-009&lt;/XYTolerance&gt;&lt;ZTolerance&gt;0.001&lt;/ZTolerance&gt;&lt;MTolerance&gt;0.001&lt;/MTolerance&gt;&lt;HighPrecision&gt;true&lt;/HighPrecision&gt;&lt;LeftLongitude&gt;-180&lt;/LeftLongitude&gt;&lt;WKID&gt;4326&lt;/WKID&gt;&lt;/GeographicCoordinateSystem&gt;</peXml></coordRef></DataProperties><SyncDate>20130125</SyncDate><SyncTime>13441600</SyncTime><ModDate>20130125</ModDate><ModTime>13441600</ModTime><ArcGISstyle>FGDC CSDGM Metadata</ArcGISstyle></Esri><dataIdInfo><envirDesc Sync="TRUE">Microsoft Windows Server 2008 R2 Version 6.1 (Build 7601) Service Pack 1; ESRI ArcGIS 10.0.0.2414</envirDesc><dataLang><languageCode value="eng" country="USA"></languageCode></dataLang><idCitation><resTitle Sync="TRUE">BEIS</resTitle><presForm><PresFormCd value="005"></PresFormCd></presForm></idCitation><descKeys><thesaName uuidref="723f6998-058e-11dc-8314-0800200c9a66"></thesaName><keyword Sync="TRUE">002</keyword></descKeys><spatRpType><SpatRepTypCd value="001"></SpatRepTypCd></spatRpType></dataIdInfo><mdLang><languageCode value="eng"></languageCode></mdLang><distInfo><distFormat><formatName Sync="TRUE">File Geodatabase Feature Class</formatName></distFormat></distInfo><mdHrLv><ScopeCd value="005"></ScopeCd></mdHrLv><mdHrLvName Sync="TRUE">dataset</mdHrLvName><refSysInfo><RefSystem><refSysID><identCode code="4326"></identCode><idCodeSpace Sync="TRUE">EPSG</idCodeSpace><idVersion Sync="TRUE">7.4.1</idVersion></refSysID></RefSystem></refSysInfo><spdoinfo><ptvctinf><esriterm Name="BEIS"><efeatyp Sync="TRUE">Simple</efeatyp><efeageom Sync="TRUE">1</efeageom><esritopo Sync="TRUE">FALSE</esritopo><efeacnt Sync="TRUE">0</efeacnt><spindex Sync="TRUE">TRUE</spindex><linrefer Sync="TRUE">FALSE</linrefer></esriterm></ptvctinf></spdoinfo><spatRepInfo><VectSpatRep><topLvl><TopoLevCd value="001"></TopoLevCd></topLvl><geometObjs><geoObjTyp><GeoObjTypCd value="004"></GeoObjTypCd><geoObjCnt Sync="TRUE">0</geoObjCnt></geoObjTyp></geometObjs></VectSpatRep></spatRepInfo><eainfo><detailed Name="BEIS"><enttyp><enttypl Sync="TRUE">BEIS</enttypl><enttypt Sync="TRUE">Feature Class</enttypt><enttypc Sync="TRUE">0</enttypc></enttyp><attr><attrlabl Sync="TRUE">OBJECTID</attrlabl><attalias Sync="TRUE">OBJECTID</attalias><attrtype Sync="TRUE">OID</attrtype><attwidth Sync="TRUE">4</attwidth><atprecis Sync="TRUE">0</atprecis><attscale Sync="TRUE">0</attscale><attrdef Sync="TRUE">Internal feature number.</attrdef><attrdefs Sync="TRUE">ESRI</attrdefs><attrdomv><udom Sync="TRUE">Sequential unique whole numbers that are automatically generated.</udom></attrdomv></attr><attr><attrlabl Sync="TRUE">Shape</attrlabl><attalias Sync="TRUE">Shape</attalias><attrtype Sync="TRUE">Geometry</attrtype><attwidth Sync="TRUE">0</attwidth><atprecis Sync="TRUE">0</atprecis><attscale Sync="TRUE">0</attscale><attrdef Sync="TRUE">Feature geometry.</attrdef><attrdefs Sync="TRUE">ESRI</attrdefs><attrdomv><udom Sync="TRUE">Coordinates defining the features.</udom></attrdomv></attr><attr><attrlabl Sync="TRUE">Region</attrlabl><attalias Sync="TRUE">Region</attalias><attrtype Sync="TRUE">String</attrtype><attwidth Sync="TRUE">254</attwidth><atprecis Sync="TRUE">0</atprecis><attscale Sync="TRUE">0</attscale></attr><attr><attrlabl Sync="TRUE">Division</attrlabl><attalias Sync="TRUE">Division</attalias><attrtype Sync="TRUE">String</attrtype><attwidth Sync="TRUE">254</attwidth><atprecis Sync="TRUE">0</atprecis><attscale Sync="TRUE">0</attscale></attr><attr><attrlabl Sync="TRUE">ID</attrlabl><attalias Sync="TRUE">ID</attalias><attrtype Sync="TRUE">Double</attrtype><attwidth Sync="TRUE">8</attwidth><atprecis Sync="TRUE">0</atprecis><attscale Sync="TRUE">0</attscale></attr><attr><attrlabl Sync="TRUE">School</attrlabl><attalias Sync="TRUE">School</attalias><attrtype Sync="TRUE">String</attrtype><attwidth Sync="TRUE">254</attwidth><atprecis Sync="TRUE">0</atprecis><attscale Sync="TRUE">0</attscale></attr><attr><attrlabl Sync="TRUE">Municipali</attrlabl><attalias Sync="TRUE">Municipali</attalias><attrtype Sync="TRUE">String</attrtype><attwidth Sync="TRUE">254</attwidth><atprecis Sync="TRUE">0</atprecis><attscale Sync="TRUE">0</attscale></attr><attr><attrlabl Sync="TRUE">Legislativ</attrlabl><attalias Sync="TRUE">Legislativ</attalias><attrtype Sync="TRUE">String</attrtype><attwidth Sync="TRUE">254</attwidth><atprecis Sync="TRUE">0</atprecis><attscale Sync="TRUE">0</attscale></attr><attr><attrlabl Sync="TRUE">Total_Enro</attrlabl><attalias Sync="TRUE">Total_Enro</attalias><attrtype Sync="TRUE">Double</attrtype><attwidth Sync="TRUE">8</attwidth><atprecis Sync="TRUE">0</atprecis><attscale Sync="TRUE">0</attscale></attr><attr><attrlabl Sync="TRUE">Total_Inst</attrlabl><attalias Sync="TRUE">Total_Inst</attalias><attrtype Sync="TRUE">Double</attrtype><attwidth Sync="TRUE">8</attwidth><atprecis Sync="TRUE">0</atprecis><attscale Sync="TRUE">0</attscale></attr><attr><attrlabl Sync="TRUE">Color_Code</attrlabl><attalias Sync="TRUE">Color_Code</attalias><attrtype Sync="TRUE">String</attrtype><attwidth Sync="TRUE">254</attwidth><atprecis Sync="TRUE">0</atprecis><attscale Sync="TRUE">0</attscale></attr><attr><attrlabl Sync="TRUE">Barangay</attrlabl><attalias Sync="TRUE">Barangay</attalias><attrtype Sync="TRUE">String</attrtype><attwidth Sync="TRUE">254</attwidth><atprecis Sync="TRUE">0</atprecis><attscale Sync="TRUE">0</attscale></attr><attr><attrlabl Sync="TRUE">Province</attrlabl><attalias Sync="TRUE">Province</attalias><attrtype Sync="TRUE">String</attrtype><attwidth Sync="TRUE">254</attwidth><atprecis Sync="TRUE">0</atprecis><attscale Sync="TRUE">0</attscale></attr><attr><attrlabl Sync="TRUE">District</attrlabl><attalias Sync="TRUE">District</attalias><attrtype Sync="TRUE">String</attrtype><attwidth Sync="TRUE">254</attwidth><atprecis Sync="TRUE">0</atprecis><attscale Sync="TRUE">0</attscale></attr><attr><attrlabl Sync="TRUE">Type_of_Sc</attrlabl><attalias Sync="TRUE">Type_of_Sc</attalias><attrtype Sync="TRUE">String</attrtype><attwidth Sync="TRUE">254</attwidth><atprecis Sync="TRUE">0</atprecis><attscale Sync="TRUE">0</attscale></attr><attr><attrlabl Sync="TRUE">GPS_Source</attrlabl><attalias Sync="TRUE">GPS_Source</attalias><attrtype Sync="TRUE">String</attrtype><attwidth Sync="TRUE">50</attwidth><atprecis Sync="TRUE">0</atprecis><attscale Sync="TRUE">0</attscale></attr></detailed></eainfo><mdDateSt Sync="TRUE">20130125</mdDateSt></metadata>
