<?xml version="1.0"?>
<!--<!DOCTYPE metadata SYSTEM "http://www.esri.com/metadata/esriprof80.dtd">-->
<metadata xml:lang="en"><Esri><MetaID>{BEFFD542-DA69-41FC-A014-89B468524722}</MetaID><CreaDate>20120908</CreaDate><CreaTime>13430700</CreaTime><SyncOnce>TRUE</SyncOnce></Esri><idinfo><citation><citeinfo><onlink Sync="TRUE">\\USER-PC\F\PHILGIS_rev\GIS_Philippines_DATA\GADM_v2\PHL_adm\Provinces</onlink></citeinfo></citation></idinfo><distInfo><distributor><distorTran><onLineSrc><linkage Sync="TRUE">file://\\USER-PC\F\PHILGIS_rev\GIS_Philippines_DATA\GADM_v2\PHL_adm\Provinces</linkage><protocol Sync="TRUE">Local Area Network</protocol></onLineSrc></distorTran></distributor></distInfo><dataqual><lineage><procstep><procdesc Sync="TRUE">Dataset moved.</procdesc><srcused Sync="TRUE">F:\PHILGIS_rev\GIS_Philippines_DATA\GADM_v2\PHL_adm\PHL_Provinces\Provinces</srcused><procdate Sync="TRUE">20120908</procdate><proctime Sync="TRUE">13430700</proctime></procstep></lineage></dataqual></metadata>
